{"task_name": "comprehensive_db_test", "src_dir": "/home/alex/PycharmProjects/c-defectifier/dataset/c_data_ok.db", "src_type": "db", "sift_option": "", "limit": -1, "defects": {"SRIF_replace_var": 0.045454545454545456, "SRIF_to_expr": 0.045454545454545456, "SRIF_wrap_func_call": 0.045454545454545456, "SRIF_unwrap_func_call": 0.045454545454545456, "SDFN": 0.045454545454545456, "STYP": 0.045454545454545456, "SMOV": 0.045454545454545456, "ORRN": 0.045454545454545456, "OILN_add_and": 0.045454545454545456, "OILN_add_or": 0.045454545454545456, "OILN_del_and": 0.045454545454545456, "OILN_del_or": 0.045454545454545456, "OILN_negate_cond": 0.045454545454545456, "OAIS_add_op": 0.045454545454545456, "OAIS_del_op": 0.045454545454545456, "OFPO": 0.045454545454545456, "DCCR_to_const": 0.045454545454545456, "DCCR_to_var": 0.045454545454545456, "DRVA_to_const": 0.045454545454545456, "DRVA_to_var": 0.045454545454545456, "DRWV": 0.045454545454545456, "DCCA": 0.045454545454545456}, "repeat_min": 1, "repeat_max": 3, "specifications": {"random_picker": {"random_int_list": [0, 1, 2, 3, 5, 10, 20, 30, 40, 50, 100], "random_chr_list": ["\u0000", "\u0001", "\u0002", "\u0003", "\u0004", "\u0005", "\u0006", "\u0007", "\b", "\t", "\n", "\u000b", "\f", "\r", "\u000e", "\u000f", "\u0010", "\u0011", "\u0012", "\u0013", "\u0014", "\u0015", "\u0016", "\u0017", "\u0018", "\u0019", "\u001a", "\u001b", "\u001c", "\u001d", "\u001e", "\u001f", " ", "!", "\"", "#", "$", "%", "&", "'", "(", ")", "*", "+", ",", "-", ".", "/", "0", "1", "2", "3", "4", "5", "6", "7", "8", "9", ":", ";", "<", "=", ">", "?", "@", "A", "B", "C", "D", "E", "F", "G", "H", "I", "J", "K", "L", "M", "N", "O", "P", "Q", "R", "S", "T", "U", "V", "W", "X", "Y", "Z", "[", "\\", "]", "^", "_", "`", "a", "b", "c", "d", "e", "f", "g", "h", "i", "j", "k", "l", "m", "n", "o", "p", "q", "r", "s", "t", "u", "v", "w", "x", "y", "z", "{", "|", "}", "~", "\u007f"], "replacement_offset": [-4, -2, -1, 1, 2, 4], "random_array_len_list": [2, 3, 4, 5, 6, 7, 8, 10, 20, 30, 40, 50, 100]}}}